﻿{
	"0":			"0",
	"1":			"1",
	"2":			"2",
	"3":			"3",
	"4":			"4",
	"5":			"5",
	"6":			"6",
	"7":			"7",
	"8":			"8",
	"9":			"9",
	"AMPERSAND":	"&",
	"ASTERISK":		"*",
	"AT":			"@",
	"BACKQUOTE":	"`",
	"BACKSLASH":	"\\",
	"BACKSPACE":	"\b",
	"BREAK":		"BREAK",
	"CAPSLOCK":		"CAPSLOCK",
	"CARET":		"CARROT",
	"CLEAR":		"CLEAR",
	"COLON":		":",
	"COMMA":		",",
	"DELETE":		"DELETE",
	"DOLLAR":		"$",
	"DOWN":			"DOWN",
	"END":			"END",
	"EQUALS":		"=",
	"ESCAPE":		"ESCAPE",
	"EURO":			"€",
	"EXCLAIM":		"!",
	"F1":			"F1",
	"F2":			"F2",
	"F3":			"F3",
	"F4":			"F4",
	"F5":			"F5",
	"F6":			"F6",
	"F7":			"F7",
	"F8":			"F8",
	"F9":			"F9",
	"F10":			"F10",
	"F11":			"F11",
	"F12":			"F12",
	"F13":			"F13",
	"F14":			"F14",
	"F15":			"F15",
	"GREATER":		">",
	"HASH":			"#",
	"HELP":			"HELP",
	"HOME":			"HOME",
	"INSERT":		"INSERT",
	"LALT":			"LALT",
	"LAST":			"LAST",
	"LCTRL":		"LCTRL",
	"LEFT":			"LEFT",
	"LEFTBRACKET":	"[",
	"LEFTPAREN":	"(",
	"LMETA":		"LMETA",
	"LESS":			"<",
	"LSHIFT":		"LSHIFT",
	"LSUPER":		"LSUPER",
	"MENU":			"MENU",
	"MINUS":		"-",
	"MODE":			"MODE",
	"NUMLOCK":		"NUMLOCK",
	"P0":			"0",
	"P1":			"1",
	"P2":			"2",
	"P3":			"3",
	"P4":			"4",
	"P5":			"5",
	"P6":			"6",
	"P7":			"7",
	"P8":			"8",
	"P9":			"9",
	"PAGEDOWN":		"PAGEDOWN",
	"PAGEUP":		"PAGEUP",
	"PAUSE":		"PAUSE",
	"PERIOD":		".",
	"PLUS":			"+",
	"POWER":		"POWER",
	"PRINT":		"PRINT",
	"P_DIVIDE":		"/",
	"P_ENTER":		"\r",
	"P_EQUALS":		"=",
	"P_MINUS":		"-",
	"P_MULTIPLY":	"*",
	"P_PERIOD":		".",
	"P_PLUS":		"+",
	"QUESTION":		"?",
	"QUOTE":		"'",
	"QUOTEDBL":		"\"",
	"RALT":			"RALT",
	"RCTRL":		"RCTRL",
	"RETURN":		"\r",
	"RIGHT":		"RIGHT",
	"RIGHTBRACKET":	"]",
	"RIGHTPAREN":	")",
	"RMETA":		"RMETA",
	"RSHIFT":		"RSHIFT",
	"RSUPER":		"RSUPER",
	"SCROLLOCK":	"SCROLLOCK",
	"SEMICOLON":	";",
	"SLASH":		"/",
	"SPACE":		" ",
	"SYSREQ":		"SYSREQ",
	"TAB":			"\t",
	"UNDERSCORE":	"_",
	"UNKNOWN":		"UNKNOWN",
	"UP":			"UP",
	"A":			"a",
	"B":			"b",
	"C":			"c",
	"D":			"d",
	"E":			"e",
	"F":			"f",
	"G":			"g",
	"H":			"h",
	"I":			"i",
	"J":			"j",
	"K":			"k",
	"L":			"l",
	"M":			"m",
	"N":			"n",
	"O":			"o",
	"P":			"p",
	"Q":			"q",
	"R":			"r",
	"S":			"s",
	"T":			"t",
	"U":			"u",
	"V":			"v",
	"W":			"w",
	"X":			"x",
	"Y":			"y",
	"Z":			"z"
}