﻿{
	"a": "A",
	"c": "C",
	"b": "B",
	"e": "E",
	"d": "D",
	"g": "G",
	"f": "F",
	"i": "I",
	"h": "H",
	"k": "K",
	"j": "J",
	"m": "M",
	"l": "L",
	"o": "O",
	"n": "N",
	"q": "Q",
	"p": "P",
	"s": "S",
	"r": "R",
	"u": "U",
	"t": "T",
	"w": "W",
	"v": "V",
	"y": "Y",
	"x": "X",
	"z": "Z",
	"`": "~",
	"1": "!",
	"2": "@",
	"3": "#",
	"4": "$",
	"5": "%",
	"6": "^",
	"7": "&",
	"8": "*",
	"9": "(",
	"0": ")",
	"-": "_",
	"=": "+",
	"[": "{",
	"]": "}",
	"\\": "|",
	";": ":",
	"'": "\"",
	",": "<",
	".": ">",
	"/": "?"
 }